{
	"class_name" : "ViewTrajectory",
	"interval" : 29,
	"is_loop" : false,
	"trajectory" : 
	[
		{
			"boundingbox_max" : [ 0.86767578125, 0.94677734375, -0.52099609375 ],
			"boundingbox_min" : [ -0.8154296875, -0.51025390625, -2.42578125 ],
			"field_of_view" : 60.0,
			"front" : [ -0.24403437147406667, 0.33542403561391199, 0.909910952715558 ],
			"lookat" : [ 0.090194855749418948, -0.063543289131052005, -0.84502463935157102 ],
			"up" : [ -0.012849071175496329, 0.93707758740937919, -0.34888464647350775 ],
			"zoom" : 0.21999999999999997
		}
	],
	"version_major" : 1,
	"version_minor" : 0
}