{
	"class_name" : "ViewTrajectory",
	"interval" : 29,
	"is_loop" : false,
	"trajectory" : 
	[
		{
			"boundingbox_max" : [ 0.86767578125, 0.94677734375, -0.52099609375 ],
			"boundingbox_min" : [ -0.8154296875, -0.51025390625, -2.42578125 ],
			"field_of_view" : 60.0,
			"front" : [ -0.19108821040267651, 0.28879694496060448, 0.93812665478949275 ],
			"lookat" : [ 0.001089962093583122, -0.035378288139923345, -0.10217677227803131 ],
			"up" : [ 0.011346123110275781, 0.95632418961116483, -0.29208784612666783 ],
			"zoom" : 0.16
		}
	],
	"version_major" : 1,
	"version_minor" : 0
}